{"cameraMode":{"drawMode":0,"name":"Shaded","section":"Shading Mode"},"sceneLighting":false,"audioPlay":false,"sceneViewState":{"m_AlwaysRefresh":false,"showFog":true,"showSkybox":false,"showFlares":true,"showImageEffects":true,"showParticleSystems":true,"showVisualEffectGraphs":true,"m_FxEnabled":true},"in2DMode":false,"pivot":{"x":-0.30175137519836428,"y":0.57132488489151,"z":-0.5319228768348694},"rotation":{"x":-0.039114899933338168,"y":-0.6880581974983215,"z":0.03719126060605049,"w":-0.7236459255218506},"size":1.0866013765335084,"orthographic":true}